fold,rmse
1,0.003871664918753933
2,0.0015217919692657737
3,0.00632403621337836
4,0.007052454510773778
5,0.005533221069335177
