rmse,mae,mape,r2,direction_accuracy,model
0.003426107030026755,0.0015613327913823669,4.507655271546017,0.996239405930861,1.0,rf
