feature_pair,interaction_strength
feat_16_feat_17,0.04164598616169525
feat_4_feat_8,0.00015485617584401284
