Model,mae,mse,rmse,mape,r2_score,direction_accuracy,mean_absolute_error,median_absolute_error,explained_variance,mean_error,std_error
RandomForest,0.16339335098344765,0.37916847250055363,0.8932617948358336,0.48025375495480527,0.7817168443732888,0.6181987520208131,0.5944991280921285,0.5070494896117539,0.8249779226007835,0.4807392022467667,0.33999822891381004
LinearRegression,0.2726405483731793,0.281663496859242,0.13450997075674295,0.9510435227011735,0.9391259952591514,0.5411543677803415,0.1664317048459304,0.47463994978531576,0.902788901701928,0.843432372221769,0.11925072864279551
XGBoost,0.35497213966729413,0.5817756199714867,0.221586060614625,0.9729908630740753,0.7628237034506912,0.7125489303399815,0.1986883565572307,0.4050153976949117,0.7746222514310213,0.9206621476308602,0.9548754221248533
LightGBM,0.5871884824164908,0.41486322732571324,0.39114243228008205,0.9313103399663581,0.854834547582631,0.6638370173201298,0.7943932590930579,0.5817606177255852,0.7935944316175336,0.31464184740478396,0.3476830472702287
Ensemble,0.11440683514661681,0.330232156011075,0.6501976004894696,0.7780461135294107,0.7283576456547458,0.8888982457585262,0.539874694629722,0.15601786146722624,0.9379952654009835,0.3445053761377947,0.37874138435111415
