Regime,Count,Mean_Days,Min_Days,Max_Days,Std_Days
0,3,53.333333333333336,2,153,86.3268980870582
1,4,41.25,2,137,64.12682745934029
2,2,83.0,31,135,73.53910524340094
