{
  "timestamp": "2026-02-08T20:12:31.286121",
  "status": "success",
  "metrics": {
    "total_models": 2,
    "best_rmse": 0.1029730850373569,
    "best_direction_acc": 97.65886287625418,
    "avg_rmse": 0.10656677624479
  },
  "tables": {
    "summary": [
      {
        "Model": "OLS",
        "RMSE": 0.1029730850373569,
        "MAE": 0.08467960600123914,
        "MAPE": 240.5628218474848,
        "R\u00b2": 0.990130198005203,
        "Direction_Acc": 97.65886287625418,
        "Training_Time_Sec": NaN,
        "Prediction_Time_Sec": 0.000857
      },
      {
        "Model": "RF",
        "RMSE": 0.11016046745222309,
        "MAE": 0.0895938255480349,
        "MAPE": 284.58154832075866,
        "R\u00b2": 0.9887043160660723,
        "Direction_Acc": 97.32441471571906,
        "Training_Time_Sec": NaN,
        "Prediction_Time_Sec": 0.018547
      }
    ],
    "detailed": {
      "OLS": {
        "RMSE": 0.1029730850373569,
        "MAE": 0.08467960600123914,
        "MAPE": 240.5628218474848,
        "R\u00b2": 0.990130198005203,
        "Direction_Accuracy": 97.65886287625418,
        "Skill_Score": 0.900653122873454,
        "Bias": 0.006066282392687084,
        "Error_Std": 0.10279424332151539,
        "Max_Error": 0.3700176667171282,
        "Theil_U": 0.06989275075107777,
        "Sample_Size": 300
      },
      "RF": {
        "RMSE": 0.11016046745222309,
        "MAE": 0.0895938255480349,
        "MAPE": 284.58154832075866,
        "R\u00b2": 0.9887043160660723,
        "Direction_Accuracy": 97.32441471571906,
        "Skill_Score": 0.893718844878654,
        "Bias": 0.006966281633737063,
        "Error_Std": 0.10993998139663186,
        "Max_Error": 0.34598189501707777,
        "Theil_U": 0.0748635096268729,
        "Sample_Size": 300
      }
    },
    "significance": {
      "OLS": {
        "OLS": NaN,
        "RF": 0.004734031350121848
      },
      "RF": {
        "OLS": 0.004734031350121848,
        "RF": NaN
      }
    }
  },
  "recommendations": {
    "best_model": "OLS",
    "ensemble_weights": {
      "OLS": 0.5168612176049043,
      "RF": 0.4831387823950957
    }
  },
  "plots_data": {
    "rmse_data": [
      {
        "Model": "OLS",
        "RMSE": 0.1029730850373569
      },
      {
        "Model": "RF",
        "RMSE": 0.11016046745222309
      }
    ],
    "direction_acc_data": [
      {
        "Model": "OLS",
        "Direction_Acc": 97.65886287625418
      },
      {
        "Model": "RF",
        "Direction_Acc": 97.32441471571906
      }
    ]
  }
}