,OLS,RF
OLS,,0.004734031350121848
RF,0.004734031350121848,
